,,wall_clock_secs,wall_clock_secs,perf_times,perf_times
,,mean,standard_error,mean,standard_error
dataset_name,model_name,,,,
Boston,all_in_HMC,72.6328519821167,8.295542244812674,5.29808008869586,0.0950091834586853
Concrete,all_in_HMC,156.31587319374086,4.292492733641153,17.047061433599445,0.28186791633880404
Energy,all_in_HMC,259.816255736351,11.584850110442876,35.44725250768679,3.8719309134113744
WineRed,all_in_HMC,175.45763113498688,13.140897387056826,12.688940884824842,0.05722743745574859
Yacht,all_in_HMC,101.92769849300385,2.2743408368617533,15.081966334709431,0.8160017201834466
