dataset_name,svgp_mean,svgp_se,sgpr_mean,sgpr_se,sgpr_hmc_mean,sgpr_hmc_se,dgp_2_mean,dgp_2_se,dgp_3_mean,dgp_3_se,dgp_4_mean,dgp_4_se,pbp_mean,pbp_se
Boston,2.62738,0.0239244092926032,2.53934,0.0398258112283981,2.524,0.022,2.47,0.05,2.49,0.05,2.48,0.05,2.57,0.09
Concrete,3.1313,0.0123418232040489,3.09657777777778,0.0141434168936156,3.065,0.01,3.12,0.01,3.13,0.01,3.14,0.01,3.16,0.02
Energy,0.79201,0.0100932695396487,0.66963,0.0144643911036725,0.644,0.013,0.73,0.02,0.75,0.02,0.76,0.02,2.04,0.02
WineRed,0.96591,0.0134812866596627,0.96065,0.0135463149970758,0.961,0.011,0.95,0.01,0.95,0.01,0.95,0.01,0.97,0.01
Yacht,0.97036,0.0372253010733291,0.49398,0.150385257123163,0.391,0.146,0.47,0.02,0.46,0.03,0.46,0.03,0.45,0.01
