dataset_name,svgp_mean,svgp_se,sgpr_mean,sgpr_se,sgpr_hmc_mean,sgpr_hmc_se,dgp_2_mean,dgp_2_se,dgp_3_mean,dgp_3_se,dgp_4_mean,dgp_4_se,pbp_mean,pbp_se
Boston,2.70799,0.0388750548552668,2.53934,0.0398258112283981,2.495,0.022,2.47,0.05,2.49,0.05,2.48,0.05,2.57,0.09
Concrete,3.492665,0.0695666368581233,3.09657777777778,0.0141434168936156,3.035,0.01,3.12,0.01,3.13,0.01,3.14,0.01,3.16,0.02
Energy,1.24973,0.0140678289014332,0.66963,0.0144643911036725,0.624,0.001,0.73,0.02,0.75,0.02,0.76,0.02,2.04,0.02
WineRed,0.9718,0.0135913943361231,0.96065,0.0135463149970758,0.961,0.011,0.95,0.01,0.95,0.01,0.95,0.01,0.97,0.01
Yacht,1.13974,0.0339420777207289,0.49398,0.150385257123163,0.433,0.0272,0.47,0.02,0.46,0.03,0.46,0.03,0.45,0.01
Kin8mn,-0.89887,0.00420164372597202,-1.04861,0.00400420903550252,0,0,0,0,0,0,0,0,0,0
Naval,-5.20414,0.0327565022552775,-10.992,0.0211,0,0,0,0,0,0,0,0,0,0
Power,2.85763333333333,0.00917989913605526,2.81919,0.0184654566691431,0,0,0,0,0,0,0,0,0,0
