dataset_name,model_name,mean,standard_error
Boston,SVGP,2.70799,0.03887505485526678
Concrete,SVGP,3.492665,0.06956663685812331
Energy,SVGP,1.24973,0.014067828901433236
Kin8mn,SVGP,-0.8988700000000002,0.004201643725972019
Naval,SVGP,-5.20414,0.032756502255277466
Power,SVGP,2.8576333333333332,0.009179899136055256
WineRed,SVGP,0.9717999999999998,0.013591394336123132
Yacht,SVGP,1.1397400000000002,0.03394207772072888
